Rok,Imie,Liczba,Woj
2013,JAKUB,757,M,dol
2013,FILIP,576,M,dol
2013,KACPER,553,M,dol
2013,SZYMON,533,M,dol
2013,ANTONI,478,M,dol
2013,MICHA£,449,M,dol
2013,JAN,445,M,dol
2013,WOJCIECH,421,M,dol
2013,MATEUSZ,374,M,dol
2013,BARTOSZ,362,M,dol
2013,ADAM,310,M,dol
2013,LENA,829,K,dol
2013,JULIA,772,K,dol
2013,HANNA,699,K,dol
2013,ZUZANNA,690,K,dol
2013,MAJA,647,K,dol
2013,ZOFIA,444,K,dol
2013,ALEKSANDRA,434,K,dol
2013,AMELIA,419,K,dol
2013,OLIWIA,399,K,dol
2013,WIKTORIA,394,K,dol
2013,JAKUB,599,M,kuj-pom
2013,KACPER,472,M,kuj-pom
2013,FILIP,430,M,kuj-pom
2013,SZYMON,363,M,kuj-pom
2013,JAN,337,M,kuj-pom
2013,ANTONI,302,M,kuj-pom
2013,MARCEL,293,M,kuj-pom
2013,MATEUSZ,284,M,kuj-pom
2013,ADAM,283,M,kuj-pom
2013,WOJCIECH,262,M,kuj-pom
2013,ALEKSANDER,261,M,kuj-pom
2013,LENA,720,K,kuj-pom
2013,JULIA,636,K,kuj-pom
2013,ZUZANNA,542,K,kuj-pom
2013,MAJA,526,K,kuj-pom
2013,AMELIA,404,K,kuj-pom
2013,ZOFIA,372,K,kuj-pom
2013,OLIWIA,326,K,kuj-pom
2013,WIKTORIA,312,K,kuj-pom
2013,ALICJA,276,K,kuj-pom
2013,NATALIA,252,K,kuj-pom
2013,JAKUB,585,M,lubel
2013,KACPER,504,M,lubel
2013,SZYMON,474,M,lubel
2013,FILIP,389,M,lubel
2013,MICHA£,367,M,lubel
2013,ANTONI,331,M,lubel
2013,JAN,286,M,lubel
2013,WOJCIECH,266,M,lubel
2013,MARCEL,263,M,lubel
2013,MATEUSZ,245,M,lubel
2013,MIKO£AJ,232,M,lubel
2013,LENA,590,K,lubel
2013,JULIA,554,K,lubel
2013,ZUZANNA,525,K,lubel
2013,MAJA,483,K,lubel
2013,ALEKSANDRA,377,K,lubel
2013,WIKTORIA,360,K,lubel
2013,AMELIA,349,K,lubel
2013,HANNA,337,K,lubel
2013,NATALIA,316,K,lubel
2013,NIKOLA,312,K,lubel
2013,JAKUB,267,M,lubusk
2013,FILIP,209,M,lubusk
2013,KACPER,204,M,lubusk
2013,SZYMON,192,M,lubusk
2013,ANTONI,167,M,lubusk
2013,MICHA£,162,M,lubusk
2013,JAN,149,M,lubusk
2013,BARTOSZ,127,M,lubusk
2013,ALEKSANDER,124,M,lubusk
2013,MARCEL,118,M,lubusk
2013,ALAN,118,M,lubusk
2013,LENA,347,K,lubusk
2013,JULIA,337,K,lubusk
2013,MAJA,277,K,lubusk
2013,HANNA,252,K,lubusk
2013,ZUZANNA,239,K,lubusk
2013,AMELIA,167,K,lubusk
2013,ZOFIA,159,K,lubusk
2013,ALEKSANDRA,156,K,lubusk
2013,WIKTORIA,153,K,lubusk
2013,OLIWIA,133,K,lubusk
2013,JAKUB,697,M,≥Ûdü
2013,KACPER,560,M,≥Ûdü
2013,FILIP,495,M,≥Ûdü
2013,ANTONI,474,M,≥Ûdü
2013,JAN,472,M,≥Ûdü
2013,SZYMON,406,M,≥Ûdü
2013,ADAM,370,M,≥Ûdü
2013,WOJCIECH,323,M,≥Ûdü
2013,MATEUSZ,322,M,≥Ûdü
2013,ALEKSANDER,293,M,≥Ûdü
2013,FRANCISZEK,285,M,≥Ûdü
2013,LENA,771,K,≥Ûdü
2013,JULIA,676,K,≥Ûdü
2013,MAJA,611,K,≥Ûdü
2013,ZUZANNA,549,K,≥Ûdü
2013,AMELIA,431,K,≥Ûdü
2013,HANNA,424,K,≥Ûdü
2013,WIKTORIA,392,K,≥Ûdü
2013,NATALIA,377,K,≥Ûdü
2013,ZOFIA,376,K,≥Ûdü
2013,ALEKSANDRA,340,K,≥Ûdü
2013,JAKUB,1098,M,ma≥
2013,KACPER,881,M,ma≥
2013,SZYMON,727,M,ma≥
2013,FILIP,721,M,ma≥
2013,JAN,671,M,ma≥
2013,ANTONI,579,M,ma≥
2013,MICHA£,560,M,ma≥
2013,WOJCIECH,493,M,ma≥
2013,FRANCISZEK,463,M,ma≥
2013,MATEUSZ,454,M,ma≥
2013,KAROL,428,M,ma≥
2013,JULIA,1022,K,ma≥
2013,LENA,887,K,ma≥
2013,ZUZANNA,869,K,ma≥
2013,ALEKSANDRA,705,K,ma≥
2013,EMILIA,688,K,ma≥
2013,MAJA,632,K,ma≥
2013,WIKTORIA,582,K,ma≥
2013,ZOFIA,569,K,ma≥
2013,NATALIA,543,K,ma≥
2013,AMELIA,541,K,ma≥
2013,JAKUB,1538,M,maz
2013,JAN,1481,M,maz
2013,ANTONI,1305,M,maz
2013,KACPER,1190,M,maz
2013,FILIP,1139,M,maz
2013,SZYMON,1062,M,maz
2013,ADAM,924,M,maz
2013,FRANCISZEK,908,M,maz
2013,ALEKSANDER,907,M,maz
2013,MICHA£,798,M,maz
2013,MATEUSZ,777,M,maz
2013,JULIA,1554,K,maz
2013,LENA,1544,K,maz
2013,ZUZANNA,1411,K,maz
2013,MAJA,1337,K,maz
2013,ZOFIA,1227,K,maz
2013,ALEKSANDRA,1102,K,maz
2013,ALICJA,960,K,maz
2013,AMELIA,955,K,maz
2013,NATALIA,936,K,maz
2013,HANNA,874,K,maz
2013,JAKUB,248,M,opolskie
2013,FILIP,198,M,opolskie
2013,MICHA£,171,M,opolskie
2013,SZYMON,168,M,opolskie
2013,KACPER,149,M,opolskie
2013,ANTONI,136,M,opolskie
2013,WOJCIECH,131,M,opolskie
2013,BARTOSZ,128,M,opolskie
2013,ADAM,116,M,opolskie
2013,JAN,109,M,opolskie
2013,MATEUSZ,107,M,opolskie
2013,LENA,263,K,opolskie
2013,JULIA,247,K,opolskie
2013,MAJA,220,K,opolskie
2013,HANNA,217,K,opolskie
2013,ZUZANNA,184,K,opolskie
2013,EMILIA,134,K,opolskie
2013,AMELIA,132,K,opolskie
2013,ZOFIA,127,K,opolskie
2013,WIKTORIA,126,K,opolskie
2013,MILENA,120,K,opolskie
2013,JAKUB,667,M,podk
2013,SZYMON,575,M,podk
2013,KACPER,558,M,podk
2013,FILIP,503,M,podk
2013,MICHA£,403,M,podk
2013,ANTONI,344,M,podk
2013,JAN,294,M,podk
2013,KAROL,283,M,podk
2013,WIKTOR,261,M,podk
2013,MIKO£AJ,248,M,podk
2013,MATEUSZ,246,M,podk
2013,JULIA,697,K,podk
2013,LENA,659,K,podk
2013,ZUZANNA,530,K,podk
2013,MAJA,514,K,podk
2013,ALEKSANDRA,392,K,podk
2013,WIKTORIA,383,K,podk
2013,AMELIA,376,K,podk
2013,MILENA,371,K,podk
2013,EMILIA,356,K,podk
2013,OLIWIA,346,K,podk
2013,JAKUB,317,M,podl
2013,KACPER,298,M,podl
2013,SZYMON,224,M,podl
2013,FILIP,223,M,podl
2013,MICHA£,215,M,podl
2013,BARTOSZ,201,M,podl
2013,JAN,175,M,podl
2013,PIOTR,173,M,podl
2013,MATEUSZ,169,M,podl
2013,DAWID,158,M,podl
2013,ADAM,156,M,podl
2013,JULIA,351,K,podl
2013,LENA,300,K,podl
2013,ZUZANNA,277,K,podl
2013,ALEKSANDRA,265,K,podl
2013,AMELIA,237,K,podl
2013,MAJA,230,K,podl
2013,WIKTORIA,224,K,podl
2013,NATALIA,200,K,podl
2013,ZOFIA,183,K,podl
2013,HANNA,175,K,podl
2013,JAKUB,620,M,pom
2013,FILIP,517,M,pom
2013,JAN,503,M,pom
2013,KACPER,490,M,pom
2013,SZYMON,382,M,pom
2013,ANTONI,348,M,pom
2013,FRANCISZEK,340,M,pom
2013,ALEKSANDER,329,M,pom
2013,IGOR,296,M,pom
2013,WOJCIECH,275,M,pom
2013,MIKO£AJ,274,M,pom
2013,LENA,700,K,pom
2013,JULIA,681,K,pom
2013,ZUZANNA,613,K,pom
2013,MAJA,606,K,pom
2013,ZOFIA,455,K,pom
2013,AMELIA,391,K,pom
2013,WIKTORIA,361,K,pom
2013,HANNA,347,K,pom
2013,OLIWIA,344,K,pom
2013,NATALIA,302,K,pom
2013,JAKUB,1194,M,slask
2013,KACPER,987,M,slask
2013,FILIP,978,M,slask
2013,SZYMON,838,M,slask
2013,MATEUSZ,675,M,slask
2013,JAN,652,M,slask
2013,WOJCIECH,639,M,slask
2013,MICHA£,607,M,slask
2013,BARTOSZ,605,M,slask
2013,ANTONI,562,M,slask
2013,PIOTR,560,M,slask
2013,JULIA,1312,K,slask
2013,LENA,1194,K,slask
2013,ZUZANNA,1163,K,slask
2013,MAJA,1098,K,slask
2013,HANNA,823,K,slask
2013,NATALIA,786,K,slask
2013,EMILIA,757,K,slask
2013,AMELIA,699,K,slask
2013,ZOFIA,693,K,slask
2013,WIKTORIA,685,K,slask
2013,JAKUB,345,M,swiet
2013,KACPER,336,M,swiet
2013,FILIP,237,M,swiet
2013,ANTONI,205,M,swiet
2013,JAN,186,M,swiet
2013,WIKTOR,181,M,swiet
2013,BARTOSZ,176,M,swiet
2013,ADAM,160,M,swiet
2013,MARCEL,154,M,swiet
2013,IGOR,149,M,swiet
2013,ALEKSANDER,147,M,swiet
2013,LENA,403,K,swiet
2013,JULIA,346,K,swiet
2013,MAJA,301,K,swiet
2013,ZUZANNA,278,K,swiet
2013,NATALIA,230,K,swiet
2013,AMELIA,211,K,swiet
2013,ALEKSANDRA,177,K,swiet
2013,ZOFIA,169,K,swiet
2013,NIKOLA,168,K,swiet
2013,OLIWIA,167,K,swiet
2013,JAKUB,419,M,warm-maz
2013,FILIP,321,M,warm-maz
2013,KACPER,315,M,warm-maz
2013,SZYMON,249,M,warm-maz
2013,ANTONI,221,M,warm-maz
2013,MICHA£,219,M,warm-maz
2013,JAN,218,M,warm-maz
2013,ALEKSANDER,215,M,warm-maz
2013,WOJCIECH,189,M,warm-maz
2013,MARCEL,182,M,warm-maz
2013,BARTOSZ,177,M,warm-maz
2013,LENA,516,K,warm-maz
2013,JULIA,429,K,warm-maz
2013,ZUZANNA,419,K,warm-maz
2013,MAJA,405,K,warm-maz
2013,ZOFIA,255,K,warm-maz
2013,AMELIA,252,K,warm-maz
2013,ALEKSANDRA,245,K,warm-maz
2013,HANNA,240,K,warm-maz
2013,WIKTORIA,219,K,warm-maz
2013,OLIWIA,202,K,warm-maz
2013,JAKUB,1018,M,wielk
2013,KACPER,770,M,wielk
2013,FILIP,762,M,wielk
2013,ANTONI,742,M,wielk
2013,JAN,739,M,wielk
2013,WOJCIECH,700,M,wielk
2013,FRANCISZEK,616,M,wielk
2013,ADAM,530,M,wielk
2013,MIKO£AJ,492,M,wielk
2013,SZYMON,489,M,wielk
2013,MARCEL,483,M,wielk
2013,LENA,1104,K,wielk
2013,JULIA,1081,K,wielk
2013,MAJA,920,K,wielk
2013,ZUZANNA,903,K,wielk
2013,ZOFIA,865,K,wielk
2013,AMELIA,616,K,wielk
2013,WIKTORIA,560,K,wielk
2013,MARIA,536,K,wielk
2013,OLIWIA,506,K,wielk
2013,HANNA,493,K,wielk
2013,JAKUB,441,M,zach
2013,FILIP,351,M,zach
2013,ANTONI,336,M,zach
2013,KACPER,323,M,zach
2013,JAN,287,M,zach
2013,SZYMON,270,M,zach
2013,MICHA£,262,M,zach
2013,MARCEL,243,M,zach
2013,ADAM,229,M,zach
2013,ALEKSANDER,225,M,zach
2013,WOJCIECH,217,M,zach
2013,LENA,553,K,zach
2013,JULIA,514,K,zach
2013,MAJA,457,K,zach
2013,ZUZANNA,434,K,zach
2013,HANNA,404,K,zach
2013,AMELIA,269,K,zach
2013,ZOFIA,265,K,zach
2013,WIKTORIA,231,K,zach
2013,OLIWIA,223,K,zach
2013,ALEKSANDRA,212,K,zach
2014,JAKUB,713,M,dol
2014,ANTONI,605,M,dol
2014,FILIP,586,M,dol
2014,KACPER,514,M,dol
2014,JAN,481,M,dol
2014,SZYMON,470,M,dol
2014,MICHA£,462,M,dol
2014,WOJCIECH,397,M,dol
2014,ALEKSANDER,373,M,dol
2014,ADAM,353,M,dol
2014,MIKO£AJ,348,M,dol
2014,LENA,733,K,dol
2014,JULIA,728,K,dol
2014,HANNA,719,K,dol
2014,ZUZANNA,675,K,dol
2014,MAJA,653,K,dol
2014,ZOFIA,509,K,dol
2014,ALEKSANDRA,439,K,dol
2014,AMELIA,431,K,dol
2014,NATALIA,408,K,dol
2014,OLIWIA,397,K,dol
2014,JAKUB,559,M,kuj-pom
2014,FILIP,427,M,kuj-pom
2014,KACPER,420,M,kuj-pom
2014,ANTONI,368,M,kuj-pom
2014,JAN,365,M,kuj-pom
2014,SZYMON,328,M,kuj-pom
2014,MARCEL,317,M,kuj-pom
2014,FRANCISZEK,307,M,kuj-pom
2014,ALEKSANDER,301,M,kuj-pom
2014,MIKO£AJ,300,M,kuj-pom
2014,IGOR,280,M,kuj-pom
2014,LENA,684,K,kuj-pom
2014,ZUZANNA,578,K,kuj-pom
2014,JULIA,568,K,kuj-pom
2014,MAJA,502,K,kuj-pom
2014,AMELIA,405,K,kuj-pom
2014,ZOFIA,402,K,kuj-pom
2014,ALICJA,332,K,kuj-pom
2014,WIKTORIA,327,K,kuj-pom
2014,OLIWIA,273,K,kuj-pom
2014,NADIA,269,K,kuj-pom
2014,JAKUB,506,M,lubel
2014,SZYMON,443,M,lubel
2014,KACPER,432,M,lubel
2014,ANTONI,382,M,lubel
2014,FILIP,376,M,lubel
2014,MIKO£AJ,324,M,lubel
2014,JAN,324,M,lubel
2014,MICHA£,285,M,lubel
2014,MARCEL,273,M,lubel
2014,WOJCIECH,242,M,lubel
2014,ADAM,241,M,lubel
2014,ZUZANNA,529,K,lubel
2014,LENA,527,K,lubel
2014,JULIA,513,K,lubel
2014,MAJA,440,K,lubel
2014,HANNA,371,K,lubel
2014,ALEKSANDRA,368,K,lubel
2014,NATALIA,350,K,lubel
2014,WIKTORIA,337,K,lubel
2014,NIKOLA,323,K,lubel
2014,ALICJA,321,K,lubel
2014,JAKUB,247,M,lubusk
2014,ANTONI,205,M,lubusk
2014,SZYMON,198,M,lubusk
2014,FILIP,197,M,lubusk
2014,KACPER,193,M,lubusk
2014,WOJCIECH,155,M,lubusk
2014,MARCEL,143,M,lubusk
2014,MICHA£,142,M,lubusk
2014,JAN,141,M,lubusk
2014,ALEKSANDER,141,M,lubusk
2014,IGOR,119,M,lubusk
2014,LENA,329,K,lubusk
2014,HANNA,266,K,lubusk
2014,JULIA,261,K,lubusk
2014,MAJA,260,K,lubusk
2014,ZUZANNA,259,K,lubusk
2014,ZOFIA,182,K,lubusk
2014,OLIWIA,142,K,lubusk
2014,AMELIA,139,K,lubusk
2014,ALEKSANDRA,126,K,lubusk
2014,ALICJA,125,K,lubusk
2014,JAKUB,600,M,≥Ûdü
2014,JAN,527,M,≥Ûdü
2014,KACPER,513,M,≥Ûdü
2014,ANTONI,504,M,≥Ûdü
2014,FILIP,445,M,≥Ûdü
2014,SZYMON,360,M,≥Ûdü
2014,ADAM,360,M,≥Ûdü
2014,FRANCISZEK,338,M,≥Ûdü
2014,WOJCIECH,337,M,≥Ûdü
2014,ALEKSANDER,333,M,≥Ûdü
2014,MIKO£AJ,286,M,≥Ûdü
2014,LENA,630,K,≥Ûdü
2014,MAJA,616,K,≥Ûdü
2014,JULIA,571,K,≥Ûdü
2014,ZUZANNA,552,K,≥Ûdü
2014,HANNA,499,K,≥Ûdü
2014,AMELIA,410,K,≥Ûdü
2014,ZOFIA,410,K,≥Ûdü
2014,NATALIA,382,K,≥Ûdü
2014,ALEKSANDRA,353,K,≥Ûdü
2014,WIKTORIA,334,K,≥Ûdü
2014,JAKUB,1026,M,ma≥
2014,FILIP,771,M,ma≥
2014,KACPER,762,M,ma≥
2014,JAN,746,M,ma≥
2014,SZYMON,727,M,ma≥
2014,ANTONI,725,M,ma≥
2014,MICHA£,529,M,ma≥
2014,MIKO£AJ,488,M,ma≥
2014,FRANCISZEK,485,M,ma≥
2014,KAROL,481,M,ma≥
2014,ADAM,481,M,ma≥
2014,JULIA,955,K,ma≥
2014,ZUZANNA,902,K,ma≥
2014,LENA,830,K,ma≥
2014,EMILIA,696,K,ma≥
2014,ALEKSANDRA,676,K,ma≥
2014,MAJA,658,K,ma≥
2014,NATALIA,589,K,ma≥
2014,ZOFIA,548,K,ma≥
2014,WIKTORIA,543,K,ma≥
2014,AMELIA,523,K,ma≥
2014,JAN,1524,M,maz
2014,JAKUB,1482,M,maz
2014,ANTONI,1401,M,maz
2014,KACPER,1143,M,maz
2014,ALEKSANDER,1088,M,maz
2014,FILIP,1030,M,maz
2014,FRANCISZEK,994,M,maz
2014,SZYMON,973,M,maz
2014,ADAM,958,M,maz
2014,MIKO£AJ,871,M,maz
2014,PIOTR,755,M,maz
2014,LENA,1466,K,maz
2014,ZUZANNA,1400,K,maz
2014,JULIA,1313,K,maz
2014,ZOFIA,1302,K,maz
2014,MAJA,1241,K,maz
2014,ALEKSANDRA,1099,K,maz
2014,ALICJA,1074,K,maz
2014,NATALIA,983,K,maz
2014,HANNA,955,K,maz
2014,AMELIA,932,K,maz
2014,JAKUB,234,M,opolskie
2014,MICHA£,173,M,opolskie
2014,KACPER,166,M,opolskie
2014,FILIP,162,M,opolskie
2014,SZYMON,153,M,opolskie
2014,ANTONI,147,M,opolskie
2014,WOJCIECH,143,M,opolskie
2014,JAN,138,M,opolskie
2014,MATEUSZ,121,M,opolskie
2014,ADAM,113,M,opolskie
2014,FRANCISZEK,108,M,opolskie
2014,LENA,280,K,opolskie
2014,ZUZANNA,218,K,opolskie
2014,MAJA,212,K,opolskie
2014,JULIA,203,K,opolskie
2014,HANNA,198,K,opolskie
2014,ZOFIA,172,K,opolskie
2014,AMELIA,148,K,opolskie
2014,MILENA,126,K,opolskie
2014,NATALIA,126,K,opolskie
2014,EMILIA,122,K,opolskie
2014,JAKUB,655,M,podk
2014,KACPER,517,M,podk
2014,SZYMON,482,M,podk
2014,FILIP,451,M,podk
2014,ANTONI,412,M,podk
2014,MICHA£,368,M,podk
2014,KAROL,302,M,podk
2014,MIKO£AJ,300,M,podk
2014,JAN,259,M,podk
2014,MI£OSZ,245,M,podk
2014,FRANCISZEK,240,M,podk
2014,LENA,609,K,podk
2014,JULIA,560,K,podk
2014,ZUZANNA,523,K,podk
2014,MAJA,516,K,podk
2014,ALEKSANDRA,444,K,podk
2014,EMILIA,426,K,podk
2014,WIKTORIA,360,K,podk
2014,MILENA,349,K,podk
2014,AMELIA,347,K,podk
2014,NIKOLA,305,K,podk
2014,JAKUB,340,M,podl
2014,KACPER,261,M,podl
2014,FILIP,227,M,podl
2014,SZYMON,225,M,podl
2014,PIOTR,217,M,podl
2014,JAN,203,M,podl
2014,MICHA£,199,M,podl
2014,MATEUSZ,198,M,podl
2014,ADAM,193,M,podl
2014,BARTOSZ,174,M,podl
2014,ANTONI,171,M,podl
2014,LENA,302,K,podl
2014,JULIA,301,K,podl
2014,ZUZANNA,297,K,podl
2014,ALEKSANDRA,289,K,podl
2014,MAJA,243,K,podl
2014,WIKTORIA,223,K,podl
2014,ZOFIA,218,K,podl
2014,NATALIA,205,K,podl
2014,AMELIA,194,K,podl
2014,HANNA,176,K,podl
2014,JAKUB,575,M,pom
2014,JAN,502,M,pom
2014,KACPER,486,M,pom
2014,FILIP,458,M,pom
2014,ANTONI,397,M,pom
2014,FRANCISZEK,370,M,pom
2014,SZYMON,366,M,pom
2014,ALEKSANDER,361,M,pom
2014,MIKO£AJ,313,M,pom
2014,MICHA£,309,M,pom
2014,IGOR,309,M,pom
2014,ZUZANNA,649,K,pom
2014,LENA,643,K,pom
2014,JULIA,608,K,pom
2014,MAJA,544,K,pom
2014,ZOFIA,509,K,pom
2014,AMELIA,429,K,pom
2014,HANNA,352,K,pom
2014,NATALIA,345,K,pom
2014,ALEKSANDRA,329,K,pom
2014,OLIWIA,323,K,pom
2014,JAKUB,1288,M,slask
2014,KACPER,932,M,slask
2014,FILIP,884,M,slask
2014,SZYMON,722,M,slask
2014,WOJCIECH,693,M,slask
2014,JAN,678,M,slask
2014,ANTONI,649,M,slask
2014,MATEUSZ,592,M,slask
2014,MICHA£,576,M,slask
2014,FRANCISZEK,552,M,slask
2014,ADAM,548,M,slask
2014,LENA,1155,K,slask
2014,ZUZANNA,1060,K,slask
2014,JULIA,1049,K,slask
2014,MAJA,999,K,slask
2014,HANNA,882,K,slask
2014,EMILIA,777,K,slask
2014,NATALIA,772,K,slask
2014,ZOFIA,768,K,slask
2014,AMELIA,719,K,slask
2014,ALICJA,652,K,slask
2014,JAKUB,307,M,swiet
2014,ANTONI,260,M,swiet
2014,KACPER,253,M,swiet
2014,FILIP,241,M,swiet
2014,JAN,206,M,swiet
2014,PIOTR,167,M,swiet
2014,MIKO£AJ,164,M,swiet
2014,WOJCIECH,156,M,swiet
2014,ADAM,153,M,swiet
2014,WIKTOR,145,M,swiet
2014,ALEKSANDER,140,M,swiet
2014,LENA,379,K,swiet
2014,JULIA,302,K,swiet
2014,MAJA,267,K,swiet
2014,ZUZANNA,262,K,swiet
2014,NATALIA,235,K,swiet
2014,AMELIA,210,K,swiet
2014,ALEKSANDRA,198,K,swiet
2014,NIKOLA,189,K,swiet
2014,ZOFIA,156,K,swiet
2014,WIKTORIA,155,K,swiet
2014,JAKUB,352,M,warm-maz
2014,KACPER,331,M,warm-maz
2014,FILIP,295,M,warm-maz
2014,ANTONI,293,M,warm-maz
2014,ALEKSANDER,278,M,warm-maz
2014,SZYMON,236,M,warm-maz
2014,JAN,209,M,warm-maz
2014,MICHA£,208,M,warm-maz
2014,MARCEL,205,M,warm-maz
2014,WOJCIECH,197,M,warm-maz
2014,PIOTR,194,M,warm-maz
2014,LENA,489,K,warm-maz
2014,ZUZANNA,384,K,warm-maz
2014,JULIA,375,K,warm-maz
2014,MAJA,373,K,warm-maz
2014,HANNA,315,K,warm-maz
2014,ZOFIA,306,K,warm-maz
2014,AMELIA,241,K,warm-maz
2014,ALEKSANDRA,232,K,warm-maz
2014,OLIWIA,219,K,warm-maz
2014,NIKOLA,213,K,warm-maz
2014,JAKUB,876,M,wielk
2014,ANTONI,847,M,wielk
2014,JAN,785,M,wielk
2014,WOJCIECH,763,M,wielk
2014,FILIP,757,M,wielk
2014,FRANCISZEK,746,M,wielk
2014,KACPER,679,M,wielk
2014,ADAM,573,M,wielk
2014,MARCEL,511,M,wielk
2014,ALEKSANDER,496,M,wielk
2014,MIKO£AJ,493,M,wielk
2014,LENA,1042,K,wielk
2014,JULIA,881,K,wielk
2014,ZUZANNA,877,K,wielk
2014,ZOFIA,857,K,wielk
2014,MAJA,842,K,wielk
2014,HANNA,627,K,wielk
2014,ALEKSANDRA,611,K,wielk
2014,AMELIA,594,K,wielk
2014,OLIWIA,537,K,wielk
2014,MARIA,529,K,wielk
2014,JAKUB,405,M,zach
2014,ANTONI,349,M,zach
2014,FILIP,333,M,zach
2014,JAN,279,M,zach
2014,KACPER,275,M,zach
2014,ALEKSANDER,262,M,zach
2014,MICHA£,259,M,zach
2014,MARCEL,225,M,zach
2014,SZYMON,220,M,zach
2014,ADAM,217,M,zach
2014,MIKO£AJ,209,M,zach
2014,HANNA,486,K,zach
2014,MAJA,476,K,zach
2014,LENA,472,K,zach
2014,JULIA,415,K,zach
2014,ZUZANNA,401,K,zach
2014,ZOFIA,312,K,zach
2014,AMELIA,269,K,zach
2014,ALEKSANDRA,229,K,zach
2014,WIKTORIA,216,K,zach
2014,NATALIA,215,K,zach
2015,JAKUB,641,M,dol
2015,ANTONI,573,M,dol
2015,FILIP,517,M,dol
2015,JAN,516,M,dol
2015,SZYMON,510,M,dol
2015,KACPER,482,M,dol
2015,MICHA£,437,M,dol
2015,MIKO£AJ,422,M,dol
2015,WOJCIECH,403,M,dol
2015,ALEKSANDER,380,M,dol
2015,ADAM,358,M,dol
2015,HANNA,723,K,dol
2015,ZUZANNA,677,K,dol
2015,LENA,631,K,dol
2015,JULIA,629,K,dol
2015,MAJA,617,K,dol
2015,ZOFIA,520,K,dol
2015,AMELIA,454,K,dol
2015,ALEKSANDRA,404,K,dol
2015,ALICJA,399,K,dol
2015,NATALIA,363,K,dol
2015,JAKUB,467,M,kuj-pom
2015,ANTONI,402,M,kuj-pom
2015,SZYMON,400,M,kuj-pom
2015,FILIP,383,M,kuj-pom
2015,JAN,356,M,kuj-pom
2015,KACPER,345,M,kuj-pom
2015,FRANCISZEK,323,M,kuj-pom
2015,ALEKSANDER,323,M,kuj-pom
2015,MIKO£AJ,304,M,kuj-pom
2015,ADAM,279,M,kuj-pom
2015,WOJCIECH,259,M,kuj-pom
2015,LENA,573,K,kuj-pom
2015,ZUZANNA,540,K,kuj-pom
2015,MAJA,516,K,kuj-pom
2015,JULIA,463,K,kuj-pom
2015,ZOFIA,446,K,kuj-pom
2015,AMELIA,403,K,kuj-pom
2015,ALICJA,318,K,kuj-pom
2015,OLIWIA,273,K,kuj-pom
2015,WIKTORIA,257,K,kuj-pom
2015,ALEKSANDRA,248,K,kuj-pom
2015,SZYMON,514,M,lubel
2015,JAKUB,484,M,lubel
2015,ANTONI,440,M,lubel
2015,KACPER,386,M,lubel
2015,FILIP,350,M,lubel
2015,JAN,316,M,lubel
2015,MIKO£AJ,315,M,lubel
2015,MICHA£,304,M,lubel
2015,MARCEL,289,M,lubel
2015,WOJCIECH,287,M,lubel
2015,ALEKSANDER,244,M,lubel
2015,ZUZANNA,518,K,lubel
2015,LENA,479,K,lubel
2015,JULIA,470,K,lubel
2015,MAJA,424,K,lubel
2015,HANNA,401,K,lubel
2015,ALEKSANDRA,370,K,lubel
2015,ZOFIA,346,K,lubel
2015,ALICJA,337,K,lubel
2015,AMELIA,331,K,lubel
2015,NATALIA,304,K,lubel
2015,JAKUB,234,M,lubusk
2015,SZYMON,201,M,lubusk
2015,ANTONI,194,M,lubusk
2015,FILIP,182,M,lubusk
2015,WOJCIECH,166,M,lubusk
2015,JAN,166,M,lubusk
2015,KACPER,165,M,lubusk
2015,MICHA£,151,M,lubusk
2015,ALEKSANDER,145,M,lubusk
2015,MARCEL,131,M,lubusk
2015,FRANCISZEK,126,M,lubusk
2015,HANNA,254,K,lubusk
2015,MAJA,252,K,lubusk
2015,LENA,252,K,lubusk
2015,JULIA,251,K,lubusk
2015,ZUZANNA,243,K,lubusk
2015,ZOFIA,174,K,lubusk
2015,AMELIA,174,K,lubusk
2015,ALEKSANDRA,135,K,lubusk
2015,ALICJA,114,K,lubusk
2015,NADIA,110,K,lubusk
2015,JAKUB,585,M,≥Ûdü
2015,ANTONI,545,M,≥Ûdü
2015,JAN,497,M,≥Ûdü
2015,SZYMON,453,M,≥Ûdü
2015,KACPER,442,M,≥Ûdü
2015,FILIP,417,M,≥Ûdü
2015,ALEKSANDER,415,M,≥Ûdü
2015,WOJCIECH,349,M,≥Ûdü
2015,ADAM,347,M,≥Ûdü
2015,FRANCISZEK,322,M,≥Ûdü
2015,MIKO£AJ,319,M,≥Ûdü
2015,JULIA,586,K,≥Ûdü
2015,LENA,569,K,≥Ûdü
2015,ZUZANNA,567,K,≥Ûdü
2015,MAJA,550,K,≥Ûdü
2015,HANNA,444,K,≥Ûdü
2015,AMELIA,439,K,≥Ûdü
2015,ZOFIA,436,K,≥Ûdü
2015,NATALIA,366,K,≥Ûdü
2015,OLIWIA,350,K,≥Ûdü
2015,ALICJA,342,K,≥Ûdü
2015,JAKUB,966,M,ma≥
2015,SZYMON,818,M,ma≥
2015,ANTONI,786,M,ma≥
2015,FILIP,736,M,ma≥
2015,JAN,710,M,ma≥
2015,KACPER,692,M,ma≥
2015,FRANCISZEK,553,M,ma≥
2015,MIKO£AJ,527,M,ma≥
2015,WOJCIECH,517,M,ma≥
2015,ADAM,517,M,ma≥
2015,MICHA£,513,M,ma≥
2015,JULIA,890,K,ma≥
2015,ZUZANNA,859,K,ma≥
2015,LENA,822,K,ma≥
2015,ZOFIA,688,K,ma≥
2015,ALEKSANDRA,679,K,ma≥
2015,MAJA,679,K,ma≥
2015,EMILIA,675,K,ma≥
2015,AMELIA,638,K,ma≥
2015,HANNA,556,K,ma≥
2015,WIKTORIA,538,K,ma≥
2015,JAN,1574,M,maz
2015,ANTONI,1519,M,maz
2015,JAKUB,1310,M,maz
2015,ALEKSANDER,1131,M,maz
2015,SZYMON,1087,M,maz
2015,FILIP,1027,M,maz
2015,FRANCISZEK,976,M,maz
2015,ADAM,964,M,maz
2015,KACPER,956,M,maz
2015,MIKO£AJ,921,M,maz
2015,WOJCIECH,808,M,maz
2015,ZUZANNA,1425,K,maz
2015,ZOFIA,1388,K,maz
2015,JULIA,1291,K,maz
2015,MAJA,1261,K,maz
2015,LENA,1220,K,maz
2015,ALICJA,1148,K,maz
2015,AMELIA,1047,K,maz
2015,HANNA,998,K,maz
2015,ALEKSANDRA,990,K,maz
2015,NATALIA,898,K,maz
2015,JAKUB,211,M,opolskie
2015,SZYMON,188,M,opolskie
2015,ANTONI,188,M,opolskie
2015,FILIP,175,M,opolskie
2015,ADAM,150,M,opolskie
2015,MICHA£,147,M,opolskie
2015,JAN,140,M,opolskie
2015,KACPER,139,M,opolskie
2015,WOJCIECH,123,M,opolskie
2015,MIKO£AJ,110,M,opolskie
2015,FRANCISZEK,110,M,opolskie
2015,LENA,231,K,opolskie
2015,HANNA,225,K,opolskie
2015,MAJA,219,K,opolskie
2015,JULIA,218,K,opolskie
2015,ZUZANNA,171,K,opolskie
2015,AMELIA,161,K,opolskie
2015,ZOFIA,149,K,opolskie
2015,EMILIA,131,K,opolskie
2015,WIKTORIA,113,K,opolskie
2015,NATALIA,110,K,opolskie
2015,SZYMON,595,M,podk
2015,JAKUB,546,M,podk
2015,KACPER,447,M,podk
2015,ANTONI,445,M,podk
2015,FILIP,428,M,podk
2015,MICHA£,360,M,podk
2015,JAN,333,M,podk
2015,MIKO£AJ,324,M,podk
2015,KAROL,275,M,podk
2015,FRANCISZEK,270,M,podk
2015,ALEKSANDER,265,M,podk
2015,ZUZANNA,593,K,podk
2015,JULIA,581,K,podk
2015,LENA,527,K,podk
2015,MAJA,435,K,podk
2015,EMILIA,427,K,podk
2015,MILENA,411,K,podk
2015,ALEKSANDRA,405,K,podk
2015,AMELIA,373,K,podk
2015,WIKTORIA,322,K,podk
2015,HANNA,316,K,podk
2015,KACPER,255,M,podl
2015,JAKUB,251,M,podl
2015,SZYMON,248,M,podl
2015,ALEKSANDER,214,M,podl
2015,JAN,212,M,podl
2015,FILIP,194,M,podl
2015,MICHA£,192,M,podl
2015,ANTONI,185,M,podl
2015,BARTOSZ,172,M,podl
2015,MIKO£AJ,160,M,podl
2015,PIOTR,155,M,podl
2015,ZUZANNA,294,K,podl
2015,JULIA,290,K,podl
2015,LENA,275,K,podl
2015,MAJA,264,K,podl
2015,ALEKSANDRA,263,K,podl
2015,AMELIA,244,K,podl
2015,HANNA,234,K,podl
2015,ZOFIA,221,K,podl
2015,NATALIA,207,K,podl
2015,WIKTORIA,201,K,podl
2015,JAKUB,553,M,pom
2015,JAN,530,M,pom
2015,SZYMON,467,M,pom
2015,ANTONI,433,M,pom
2015,FILIP,415,M,pom
2015,ALEKSANDER,397,M,pom
2015,KACPER,382,M,pom
2015,FRANCISZEK,374,M,pom
2015,MIKO£AJ,352,M,pom
2015,NIKODEM,337,M,pom
2015,MICHA£,310,M,pom
2015,ZUZANNA,587,K,pom
2015,JULIA,549,K,pom
2015,LENA,544,K,pom
2015,MAJA,528,K,pom
2015,ZOFIA,469,K,pom
2015,AMELIA,425,K,pom
2015,HANNA,408,K,pom
2015,OLIWIA,316,K,pom
2015,ALICJA,307,K,pom
2015,WIKTORIA,302,K,pom
2015,JAKUB,1073,M,slask
2015,FILIP,897,M,slask
2015,SZYMON,848,M,slask
2015,KACPER,787,M,slask
2015,ANTONI,743,M,slask
2015,WOJCIECH,718,M,slask
2015,JAN,679,M,slask
2015,FRANCISZEK,606,M,slask
2015,ADAM,596,M,slask
2015,MIKO£AJ,588,M,slask
2015,MICHA£,549,M,slask
2015,ZUZANNA,1109,K,slask
2015,JULIA,1057,K,slask
2015,LENA,1002,K,slask
2015,MAJA,974,K,slask
2015,HANNA,898,K,slask
2015,AMELIA,831,K,slask
2015,ZOFIA,795,K,slask
2015,EMILIA,764,K,slask
2015,NATALIA,704,K,slask
2015,ALICJA,687,K,slask
2015,JAKUB,284,M,swiet
2015,ANTONI,272,M,swiet
2015,FILIP,238,M,swiet
2015,KACPER,232,M,swiet
2015,JAN,186,M,swiet
2015,ADAM,182,M,swiet
2015,MIKO£AJ,179,M,swiet
2015,SZYMON,168,M,swiet
2015,WIKTOR,164,M,swiet
2015,ALEKSANDER,158,M,swiet
2015,WOJCIECH,155,M,swiet
2015,LENA,325,K,swiet
2015,JULIA,314,K,swiet
2015,ZUZANNA,277,K,swiet
2015,MAJA,258,K,swiet
2015,AMELIA,225,K,swiet
2015,NATALIA,200,K,swiet
2015,ALEKSANDRA,195,K,swiet
2015,HANNA,184,K,swiet
2015,ZOFIA,184,K,swiet
2015,ALICJA,175,K,swiet
2015,JAKUB,340,M,warm-maz
2015,SZYMON,279,M,warm-maz
2015,ALEKSANDER,274,M,warm-maz
2015,ANTONI,272,M,warm-maz
2015,FILIP,257,M,warm-maz
2015,JAN,231,M,warm-maz
2015,KACPER,230,M,warm-maz
2015,MARCEL,208,M,warm-maz
2015,MIKO£AJ,206,M,warm-maz
2015,ADAM,200,M,warm-maz
2015,FRANCISZEK,193,M,warm-maz
2015,LENA,415,K,warm-maz
2015,ZUZANNA,392,K,warm-maz
2015,MAJA,322,K,warm-maz
2015,JULIA,318,K,warm-maz
2015,HANNA,308,K,warm-maz
2015,ZOFIA,291,K,warm-maz
2015,AMELIA,262,K,warm-maz
2015,ALICJA,220,K,warm-maz
2015,ALEKSANDRA,201,K,warm-maz
2015,OLIWIA,193,K,warm-maz
2015,ANTONI,895,M,wielk
2015,JAKUB,810,M,wielk
2015,JAN,810,M,wielk
2015,FRANCISZEK,793,M,wielk
2015,WOJCIECH,750,M,wielk
2015,FILIP,670,M,wielk
2015,SZYMON,639,M,wielk
2015,KACPER,596,M,wielk
2015,ADAM,579,M,wielk
2015,MIKO£AJ,567,M,wielk
2015,ALEKSANDER,554,M,wielk
2015,LENA,921,K,wielk
2015,ZOFIA,888,K,wielk
2015,ZUZANNA,864,K,wielk
2015,MAJA,817,K,wielk
2015,JULIA,817,K,wielk
2015,AMELIA,681,K,wielk
2015,HANNA,622,K,wielk
2015,MARIA,526,K,wielk
2015,ALEKSANDRA,504,K,wielk
2015,GABRIELA,481,K,wielk
2015,ANTONI,383,M,zach
2015,JAKUB,379,M,zach
2015,SZYMON,314,M,zach
2015,FILIP,306,M,zach
2015,KACPER,290,M,zach
2015,JAN,290,M,zach
2015,ALEKSANDER,266,M,zach
2015,WOJCIECH,225,M,zach
2015,FRANCISZEK,224,M,zach
2015,MICHA£,223,M,zach
2015,MARCEL,213,M,zach
2015,HANNA,461,K,zach
2015,LENA,445,K,zach
2015,JULIA,417,K,zach
2015,ZUZANNA,392,K,zach
2015,MAJA,387,K,zach
2015,AMELIA,305,K,zach
2015,ZOFIA,292,K,zach
2015,ALEKSANDRA,235,K,zach
2015,ALICJA,213,K,zach
2015,NADIA,205,K,zach
2016,JAKUB,680,M,dol
2016,ANTONI,649,M,dol
2016,SZYMON,592,M,dol
2016,FILIP,549,M,dol
2016,JAN,486,M,dol
2016,ALEKSANDER,457,M,dol
2016,MICHA£,447,M,dol
2016,MIKO£AJ,443,M,dol
2016,KACPER,431,M,dol
2016,WOJCIECH,414,M,dol
2016,FRANCISZEK,397,M,dol
2016,HANNA,746,K,dol
2016,JULIA,695,K,dol
2016,ZUZANNA,647,K,dol
2016,MAJA,633,K,dol
2016,LENA,580,K,dol
2016,ZOFIA,580,K,dol
2016,AMELIA,467,K,dol
2016,ALEKSANDRA,420,K,dol
2016,ALICJA,411,K,dol
2016,NATALIA,351,K,dol
2016,SZYMON,465,M,kuj-pom
2016,ANTONI,456,M,kuj-pom
2016,JAKUB,454,M,kuj-pom
2016,JAN,381,M,kuj-pom
2016,FRANCISZEK,371,M,kuj-pom
2016,ALEKSANDER,364,M,kuj-pom
2016,MIKO£AJ,362,M,kuj-pom
2016,FILIP,343,M,kuj-pom
2016,KACPER,329,M,kuj-pom
2016,ADAM,309,M,kuj-pom
2016,WOJCIECH,300,M,kuj-pom
2016,LENA,530,K,kuj-pom
2016,ZUZANNA,511,K,kuj-pom
2016,MAJA,504,K,kuj-pom
2016,JULIA,481,K,kuj-pom
2016,ZOFIA,444,K,kuj-pom
2016,AMELIA,407,K,kuj-pom
2016,ALICJA,351,K,kuj-pom
2016,OLIWIA,283,K,kuj-pom
2016,HANNA,282,K,kuj-pom
2016,NADIA,249,K,kuj-pom
2016,SZYMON,557,M,lubel
2016,ANTONI,477,M,lubel
2016,JAKUB,452,M,lubel
2016,MIKO£AJ,389,M,lubel
2016,KACPER,381,M,lubel
2016,JAN,327,M,lubel
2016,WOJCIECH,312,M,lubel
2016,FILIP,312,M,lubel
2016,ALEKSANDER,308,M,lubel
2016,FRANCISZEK,289,M,lubel
2016,MICHA£,280,M,lubel
2016,LENA,478,K,lubel
2016,ZUZANNA,472,K,lubel
2016,MAJA,463,K,lubel
2016,JULIA,458,K,lubel
2016,HANNA,453,K,lubel
2016,AMELIA,359,K,lubel
2016,ALICJA,350,K,lubel
2016,ZOFIA,344,K,lubel
2016,ALEKSANDRA,335,K,lubel
2016,NATALIA,308,K,lubel
2016,ANTONI,265,M,lubusk
2016,SZYMON,221,M,lubusk
2016,JAKUB,206,M,lubusk
2016,JAN,191,M,lubusk
2016,MIKO£AJ,175,M,lubusk
2016,FILIP,174,M,lubusk
2016,WOJCIECH,162,M,lubusk
2016,FRANCISZEK,146,M,lubusk
2016,KACPER,144,M,lubusk
2016,ALEKSANDER,143,M,lubusk
2016,MICHA£,124,M,lubusk
2016,HANNA,286,K,lubusk
2016,MAJA,264,K,lubusk
2016,ZUZANNA,247,K,lubusk
2016,JULIA,227,K,lubusk
2016,LENA,221,K,lubusk
2016,ZOFIA,197,K,lubusk
2016,AMELIA,174,K,lubusk
2016,OLIWIA,130,K,lubusk
2016,ANTONINA,118,K,lubusk
2016,LAURA,117,K,lubusk
2016,ANTONI,646,M,≥Ûdü
2016,JAKUB,568,M,≥Ûdü
2016,JAN,520,M,≥Ûdü
2016,ALEKSANDER,471,M,≥Ûdü
2016,SZYMON,470,M,≥Ûdü
2016,FILIP,437,M,≥Ûdü
2016,WOJCIECH,428,M,≥Ûdü
2016,KACPER,396,M,≥Ûdü
2016,FRANCISZEK,386,M,≥Ûdü
2016,ADAM,379,M,≥Ûdü
2016,MIKO£AJ,370,M,≥Ûdü
2016,HANNA,564,K,≥Ûdü
2016,ZUZANNA,559,K,≥Ûdü
2016,JULIA,552,K,≥Ûdü
2016,LENA,539,K,≥Ûdü
2016,MAJA,516,K,≥Ûdü
2016,ZOFIA,466,K,≥Ûdü
2016,AMELIA,445,K,≥Ûdü
2016,ALICJA,378,K,≥Ûdü
2016,NATALIA,360,K,≥Ûdü
2016,MARIA,336,K,≥Ûdü
2016,JAKUB,1015,M,ma≥
2016,SZYMON,883,M,ma≥
2016,ANTONI,880,M,ma≥
2016,JAN,799,M,ma≥
2016,FILIP,694,M,ma≥
2016,KACPER,662,M,ma≥
2016,FRANCISZEK,634,M,ma≥
2016,MIKO£AJ,627,M,ma≥
2016,WOJCIECH,556,M,ma≥
2016,MICHA£,509,M,ma≥
2016,ADAM,502,M,ma≥
2016,JULIA,952,K,ma≥
2016,ZUZANNA,891,K,ma≥
2016,LENA,788,K,ma≥
2016,EMILIA,757,K,ma≥
2016,MAJA,729,K,ma≥
2016,ALEKSANDRA,652,K,ma≥
2016,ZOFIA,640,K,ma≥
2016,AMELIA,619,K,ma≥
2016,HANNA,600,K,ma≥
2016,ALICJA,524,K,ma≥
2016,ANTONI,1613,M,maz
2016,JAN,1602,M,maz
2016,JAKUB,1360,M,maz
2016,ALEKSANDER,1279,M,maz
2016,SZYMON,1219,M,maz
2016,FRANCISZEK,1179,M,maz
2016,MIKO£AJ,1035,M,maz
2016,FILIP,993,M,maz
2016,ADAM,950,M,maz
2016,WOJCIECH,912,M,maz
2016,KACPER,897,M,maz
2016,ZOFIA,1382,K,maz
2016,JULIA,1370,K,maz
2016,ZUZANNA,1326,K,maz
2016,MAJA,1271,K,maz
2016,HANNA,1161,K,maz
2016,ALICJA,1156,K,maz
2016,LENA,1145,K,maz
2016,AMELIA,1004,K,maz
2016,ALEKSANDRA,944,K,maz
2016,NATALIA,903,K,maz
2016,JAKUB,219,M,opolskie
2016,ANTONI,209,M,opolskie
2016,SZYMON,205,M,opolskie
2016,FILIP,177,M,opolskie
2016,FRANCISZEK,162,M,opolskie
2016,WOJCIECH,136,M,opolskie
2016,KACPER,132,M,opolskie
2016,MIKO£AJ,131,M,opolskie
2016,ADAM,130,M,opolskie
2016,MICHA£,128,M,opolskie
2016,ALEKSANDER,125,M,opolskie
2016,HANNA,238,K,opolskie
2016,LENA,230,K,opolskie
2016,JULIA,207,K,opolskie
2016,ZUZANNA,196,K,opolskie
2016,MAJA,183,K,opolskie
2016,AMELIA,178,K,opolskie
2016,ZOFIA,159,K,opolskie
2016,EMILIA,147,K,opolskie
2016,NATALIA,117,K,opolskie
2016,MILENA,113,K,opolskie
2016,SZYMON,617,M,podk
2016,JAKUB,597,M,podk
2016,ANTONI,518,M,podk
2016,KACPER,412,M,podk
2016,FILIP,405,M,podk
2016,MIKO£AJ,392,M,podk
2016,JAN,372,M,podk
2016,FRANCISZEK,341,M,podk
2016,MICHA£,325,M,podk
2016,ALEKSANDER,291,M,podk
2016,ADAM,260,M,podk
2016,ZUZANNA,566,K,podk
2016,JULIA,533,K,podk
2016,LENA,532,K,podk
2016,MAJA,484,K,podk
2016,ALEKSANDRA,431,K,podk
2016,EMILIA,423,K,podk
2016,HANNA,376,K,podk
2016,MILENA,369,K,podk
2016,ZOFIA,352,K,podk
2016,AMELIA,351,K,podk
2016,JAKUB,306,M,podl
2016,SZYMON,291,M,podl
2016,ANTONI,249,M,podl
2016,ALEKSANDER,216,M,podl
2016,FILIP,211,M,podl
2016,MICHA£,208,M,podl
2016,KACPER,207,M,podl
2016,JAN,201,M,podl
2016,ADAM,173,M,podl
2016,FRANCISZEK,172,M,podl
2016,PIOTR,172,M,podl
2016,ZUZANNA,311,K,podl
2016,JULIA,308,K,podl
2016,HANNA,279,K,podl
2016,AMELIA,260,K,podl
2016,ALEKSANDRA,254,K,podl
2016,LENA,246,K,podl
2016,MAJA,238,K,podl
2016,ZOFIA,238,K,podl
2016,NATALIA,208,K,podl
2016,MARIA,170,K,podl
2016,ANTONI,572,M,pom
2016,JAKUB,569,M,pom
2016,JAN,541,M,pom
2016,SZYMON,478,M,pom
2016,FILIP,456,M,pom
2016,FRANCISZEK,434,M,pom
2016,ALEKSANDER,434,M,pom
2016,MIKO£AJ,409,M,pom
2016,NIKODEM,342,M,pom
2016,KACPER,338,M,pom
2016,MARCEL,320,M,pom
2016,ZOFIA,588,K,pom
2016,ZUZANNA,583,K,pom
2016,LENA,568,K,pom
2016,JULIA,560,K,pom
2016,MAJA,555,K,pom
2016,HANNA,471,K,pom
2016,AMELIA,431,K,pom
2016,OLIWIA,315,K,pom
2016,ALICJA,305,K,pom
2016,ANTONINA,302,K,pom
2016,JAKUB,1135,M,slask
2016,SZYMON,979,M,slask
2016,FILIP,882,M,slask
2016,ANTONI,842,M,slask
2016,KACPER,747,M,slask
2016,FRANCISZEK,737,M,slask
2016,JAN,723,M,slask
2016,WOJCIECH,722,M,slask
2016,MIKO£AJ,652,M,slask
2016,ADAM,590,M,slask
2016,ALEKSANDER,545,M,slask
2016,ZUZANNA,1059,K,slask
2016,HANNA,1034,K,slask
2016,JULIA,991,K,slask
2016,MAJA,958,K,slask
2016,LENA,931,K,slask
2016,EMILIA,869,K,slask
2016,AMELIA,825,K,slask
2016,ZOFIA,788,K,slask
2016,ALICJA,730,K,slask
2016,NATALIA,678,K,slask
2016,ANTONI,359,M,swiet
2016,JAKUB,241,M,swiet
2016,ALEKSANDER,218,M,swiet
2016,FILIP,211,M,swiet
2016,MIKO£AJ,209,M,swiet
2016,JAN,198,M,swiet
2016,KACPER,192,M,swiet
2016,SZYMON,178,M,swiet
2016,WOJCIECH,177,M,swiet
2016,MARCEL,175,M,swiet
2016,ADAM,173,M,swiet
2016,LENA,304,K,swiet
2016,MAJA,255,K,swiet
2016,JULIA,251,K,swiet
2016,AMELIA,220,K,swiet
2016,ZUZANNA,217,K,swiet
2016,HANNA,207,K,swiet
2016,NATALIA,195,K,swiet
2016,ALEKSANDRA,184,K,swiet
2016,ALICJA,184,K,swiet
2016,ZOFIA,173,K,swiet
2016,ANTONI,356,M,warm-maz
2016,JAKUB,320,M,warm-maz
2016,SZYMON,312,M,warm-maz
2016,ALEKSANDER,282,M,warm-maz
2016,JAN,247,M,warm-maz
2016,FILIP,235,M,warm-maz
2016,FRANCISZEK,233,M,warm-maz
2016,MIKO£AJ,231,M,warm-maz
2016,MARCEL,216,M,warm-maz
2016,KACPER,216,M,warm-maz
2016,WOJCIECH,209,M,warm-maz
2016,LENA,386,K,warm-maz
2016,MAJA,369,K,warm-maz
2016,ZUZANNA,366,K,warm-maz
2016,JULIA,343,K,warm-maz
2016,HANNA,339,K,warm-maz
2016,ZOFIA,327,K,warm-maz
2016,AMELIA,294,K,warm-maz
2016,ALEKSANDRA,215,K,warm-maz
2016,ALICJA,194,K,warm-maz
2016,MARIA,182,K,warm-maz
2016,ANTONI,1013,M,wielk
2016,JAN,827,M,wielk
2016,WOJCIECH,808,M,wielk
2016,JAKUB,805,M,wielk
2016,FRANCISZEK,789,M,wielk
2016,SZYMON,675,M,wielk
2016,MIKO£AJ,661,M,wielk
2016,FILIP,654,M,wielk
2016,ADAM,585,M,wielk
2016,ALEKSANDER,574,M,wielk
2016,KACPER,557,M,wielk
2016,ZOFIA,938,K,wielk
2016,LENA,912,K,wielk
2016,MAJA,869,K,wielk
2016,ZUZANNA,829,K,wielk
2016,JULIA,811,K,wielk
2016,HANNA,724,K,wielk
2016,AMELIA,664,K,wielk
2016,MARIA,602,K,wielk
2016,ALEKSANDRA,492,K,wielk
2016,ALICJA,483,K,wielk
2016,ANTONI,413,M,zach
2016,JAKUB,377,M,zach
2016,JAN,321,M,zach
2016,SZYMON,317,M,zach
2016,FILIP,310,M,zach
2016,ALEKSANDER,292,M,zach
2016,MIKO£AJ,273,M,zach
2016,FRANCISZEK,259,M,zach
2016,MICHA£,245,M,zach
2016,KACPER,240,M,zach
2016,MARCEL,219,M,zach
2016,HANNA,508,K,zach
2016,MAJA,427,K,zach
2016,ZUZANNA,399,K,zach
2016,JULIA,382,K,zach
2016,LENA,374,K,zach
2016,ZOFIA,351,K,zach
2016,AMELIA,303,K,zach
2016,ALICJA,247,K,zach
2016,OLIWIA,215,K,zach
2016,WIKTORIA,190,K,zach
2017,JAKUB,668,M,dol
2017,ANTONI,618,M,dol
2017,JAN,540,M,dol
2017,SZYMON,532,M,dol
2017,FILIP,515,M,dol
2017,WOJCIECH,462,M,dol
2017,MIKO£AJ,461,M,dol
2017,ALEKSANDER,452,M,dol
2017,MICHA£,450,M,dol
2017,FRANCISZEK,427,M,dol
2017,KACPER,368,M,dol
2017,HANNA,719,K,dol
2017,ZUZANNA,718,K,dol
2017,JULIA,696,K,dol
2017,MAJA,584,K,dol
2017,ZOFIA,584,K,dol
2017,LENA,561,K,dol
2017,AMELIA,462,K,dol
2017,ALICJA,401,K,dol
2017,MARIA,382,K,dol
2017,ALEKSANDRA,381,K,dol
2017,JAKUB,522,M,kuj-pom
2017,ANTONI,519,M,kuj-pom
2017,ALEKSANDER,445,M,kuj-pom
2017,JAN,445,M,kuj-pom
2017,MIKO£AJ,415,M,kuj-pom
2017,SZYMON,409,M,kuj-pom
2017,FRANCISZEK,390,M,kuj-pom
2017,FILIP,348,M,kuj-pom
2017,KACPER,313,M,kuj-pom
2017,WOJCIECH,308,M,kuj-pom
2017,MARCEL,306,M,kuj-pom
2017,ZUZANNA,560,K,kuj-pom
2017,LENA,535,K,kuj-pom
2017,MAJA,489,K,kuj-pom
2017,JULIA,475,K,kuj-pom
2017,ZOFIA,459,K,kuj-pom
2017,AMELIA,383,K,kuj-pom
2017,ALICJA,342,K,kuj-pom
2017,HANNA,309,K,kuj-pom
2017,MARIA,268,K,kuj-pom
2017,OLIWIA,261,K,kuj-pom
2017,ANTONI,572,M,lubel
2017,SZYMON,516,M,lubel
2017,JAKUB,426,M,lubel
2017,JAN,381,M,lubel
2017,MIKO£AJ,377,M,lubel
2017,KACPER,356,M,lubel
2017,FILIP,356,M,lubel
2017,FRANCISZEK,349,M,lubel
2017,ALEKSANDER,329,M,lubel
2017,WOJCIECH,321,M,lubel
2017,MARCEL,311,M,lubel
2017,ZUZANNA,531,K,lubel
2017,LENA,442,K,lubel
2017,JULIA,434,K,lubel
2017,MAJA,401,K,lubel
2017,HANNA,387,K,lubel
2017,ALICJA,385,K,lubel
2017,ZOFIA,370,K,lubel
2017,ALEKSANDRA,363,K,lubel
2017,AMELIA,322,K,lubel
2017,OLIWIA,268,K,lubel
2017,ANTONI,293,M,lubusk
2017,SZYMON,230,M,lubusk
2017,JAKUB,228,M,lubusk
2017,JAN,203,M,lubusk
2017,ALEKSANDER,168,M,lubusk
2017,FILIP,163,M,lubusk
2017,WOJCIECH,161,M,lubusk
2017,FRANCISZEK,160,M,lubusk
2017,MIKO£AJ,149,M,lubusk
2017,KACPER,145,M,lubusk
2017,MICHA£,138,M,lubusk
2017,ZUZANNA,274,K,lubusk
2017,HANNA,268,K,lubusk
2017,JULIA,242,K,lubusk
2017,LENA,231,K,lubusk
2017,MAJA,227,K,lubusk
2017,ZOFIA,220,K,lubusk
2017,AMELIA,143,K,lubusk
2017,LAURA,124,K,lubusk
2017,ALICJA,124,K,lubusk
2017,ALEKSANDRA,123,K,lubusk
2017,ANTONI,727,M,≥Ûdü
2017,JAN,567,M,≥Ûdü
2017,JAKUB,510,M,≥Ûdü
2017,SZYMON,456,M,≥Ûdü
2017,ALEKSANDER,452,M,≥Ûdü
2017,FILIP,448,M,≥Ûdü
2017,FRANCISZEK,422,M,≥Ûdü
2017,WOJCIECH,392,M,≥Ûdü
2017,KACPER,381,M,≥Ûdü
2017,ADAM,365,M,≥Ûdü
2017,MIKO£AJ,359,M,≥Ûdü
2017,JULIA,573,K,≥Ûdü
2017,LENA,555,K,≥Ûdü
2017,ZOFIA,541,K,≥Ûdü
2017,MAJA,537,K,≥Ûdü
2017,HANNA,535,K,≥Ûdü
2017,ZUZANNA,517,K,≥Ûdü
2017,AMELIA,400,K,≥Ûdü
2017,ALICJA,398,K,≥Ûdü
2017,MARIA,398,K,≥Ûdü
2017,NATALIA,348,K,≥Ûdü
2017,JAKUB,996,M,ma≥
2017,ANTONI,922,M,ma≥
2017,SZYMON,866,M,ma≥
2017,JAN,832,M,ma≥
2017,FILIP,697,M,ma≥
2017,FRANCISZEK,673,M,ma≥
2017,KACPER,650,M,ma≥
2017,MIKO£AJ,647,M,ma≥
2017,WOJCIECH,603,M,ma≥
2017,ALEKSANDER,556,M,ma≥
2017,ADAM,535,M,ma≥
2017,JULIA,1007,K,ma≥
2017,ZUZANNA,887,K,ma≥
2017,LENA,834,K,ma≥
2017,ZOFIA,741,K,ma≥
2017,MAJA,718,K,ma≥
2017,EMILIA,704,K,ma≥
2017,HANNA,637,K,ma≥
2017,ALEKSANDRA,621,K,ma≥
2017,ALICJA,573,K,ma≥
2017,WIKTORIA,539,K,ma≥
2017,JAN,1759,M,maz
2017,ANTONI,1675,M,maz
2017,JAKUB,1417,M,maz
2017,ALEKSANDER,1289,M,maz
2017,SZYMON,1238,M,maz
2017,FRANCISZEK,1174,M,maz
2017,MIKO£AJ,1033,M,maz
2017,FILIP,1012,M,maz
2017,ADAM,955,M,maz
2017,STANIS£AW,930,M,maz
2017,WOJCIECH,901,M,maz
2017,JULIA,1533,K,maz
2017,ZOFIA,1467,K,maz
2017,ZUZANNA,1261,K,maz
2017,ALICJA,1232,K,maz
2017,MAJA,1174,K,maz
2017,LENA,1125,K,maz
2017,HANNA,1111,K,maz
2017,MARIA,1025,K,maz
2017,AMELIA,932,K,maz
2017,ALEKSANDRA,927,K,maz
2017,JAKUB,242,M,opolskie
2017,ANTONI,217,M,opolskie
2017,FILIP,207,M,opolskie
2017,SZYMON,185,M,opolskie
2017,WOJCIECH,162,M,opolskie
2017,KACPER,159,M,opolskie
2017,JAN,150,M,opolskie
2017,FRANCISZEK,148,M,opolskie
2017,MIKO£AJ,141,M,opolskie
2017,MICHA£,133,M,opolskie
2017,ADAM,129,M,opolskie
2017,HANNA,244,K,opolskie
2017,JULIA,208,K,opolskie
2017,LENA,204,K,opolskie
2017,MAJA,198,K,opolskie
2017,ZOFIA,195,K,opolskie
2017,ZUZANNA,186,K,opolskie
2017,AMELIA,176,K,opolskie
2017,EMILIA,162,K,opolskie
2017,LAURA,115,K,opolskie
2017,NATALIA,114,K,opolskie
2017,SZYMON,634,M,podk
2017,ANTONI,616,M,podk
2017,JAKUB,581,M,podk
2017,FILIP,421,M,podk
2017,JAN,395,M,podk
2017,MIKO£AJ,394,M,podk
2017,KACPER,379,M,podk
2017,ALEKSANDER,362,M,podk
2017,FRANCISZEK,358,M,podk
2017,MICHA£,338,M,podk
2017,WOJCIECH,274,M,podk
2017,JULIA,601,K,podk
2017,ZUZANNA,560,K,podk
2017,MAJA,508,K,podk
2017,LENA,482,K,podk
2017,EMILIA,444,K,podk
2017,ALEKSANDRA,430,K,podk
2017,ZOFIA,381,K,podk
2017,HANNA,358,K,podk
2017,MILENA,352,K,podk
2017,AMELIA,351,K,podk
2017,JAKUB,324,M,podl
2017,SZYMON,279,M,podl
2017,ANTONI,269,M,podl
2017,ALEKSANDER,247,M,podl
2017,JAN,242,M,podl
2017,FILIP,215,M,podl
2017,KACPER,204,M,podl
2017,FRANCISZEK,199,M,podl
2017,MIKO£AJ,177,M,podl
2017,MARCEL,175,M,podl
2017,MICHA£,173,M,podl
2017,ZUZANNA,320,K,podl
2017,ZOFIA,302,K,podl
2017,JULIA,297,K,podl
2017,ALEKSANDRA,278,K,podl
2017,HANNA,268,K,podl
2017,LENA,250,K,podl
2017,AMELIA,243,K,podl
2017,MAJA,237,K,podl
2017,NATALIA,205,K,podl
2017,MARIA,199,K,podl
2017,JAKUB,584,M,pom
2017,JAN,566,M,pom
2017,ANTONI,554,M,pom
2017,ALEKSANDER,490,M,pom
2017,FILIP,462,M,pom
2017,FRANCISZEK,441,M,pom
2017,SZYMON,440,M,pom
2017,MIKO£AJ,386,M,pom
2017,KACPER,378,M,pom
2017,NIKODEM,376,M,pom
2017,WOJCIECH,351,M,pom
2017,ZUZANNA,622,K,pom
2017,JULIA,589,K,pom
2017,ZOFIA,542,K,pom
2017,LENA,510,K,pom
2017,MAJA,506,K,pom
2017,HANNA,484,K,pom
2017,AMELIA,403,K,pom
2017,OLIWIA,339,K,pom
2017,MARIA,333,K,pom
2017,ANTONINA,304,K,pom
2017,JAKUB,1138,M,slask
2017,SZYMON,915,M,slask
2017,ANTONI,901,M,slask
2017,FILIP,869,M,slask
2017,WOJCIECH,804,M,slask
2017,JAN,780,M,slask
2017,FRANCISZEK,742,M,slask
2017,MIKO£AJ,675,M,slask
2017,KACPER,665,M,slask
2017,PIOTR,572,M,slask
2017,ADAM,570,M,slask
2017,ZUZANNA,1074,K,slask
2017,JULIA,1057,K,slask
2017,HANNA,984,K,slask
2017,LENA,983,K,slask
2017,MAJA,958,K,slask
2017,ZOFIA,872,K,slask
2017,AMELIA,859,K,slask
2017,EMILIA,830,K,slask
2017,ALICJA,778,K,slask
2017,NATALIA,671,K,slask
2017,ANTONI,332,M,swiet
2017,JAKUB,255,M,swiet
2017,JAN,236,M,swiet
2017,FRANCISZEK,217,M,swiet
2017,FILIP,207,M,swiet
2017,ADAM,207,M,swiet
2017,SZYMON,203,M,swiet
2017,ALEKSANDER,203,M,swiet
2017,MIKO£AJ,199,M,swiet
2017,WOJCIECH,193,M,swiet
2017,KACPER,189,M,swiet
2017,JULIA,297,K,swiet
2017,ZUZANNA,267,K,swiet
2017,MAJA,260,K,swiet
2017,LENA,253,K,swiet
2017,HANNA,247,K,swiet
2017,ZOFIA,209,K,swiet
2017,NATALIA,204,K,swiet
2017,AMELIA,197,K,swiet
2017,ALICJA,168,K,swiet
2017,ALEKSANDRA,164,K,swiet
2017,ANTONI,368,M,warm-maz
2017,JAKUB,318,M,warm-maz
2017,ALEKSANDER,311,M,warm-maz
2017,SZYMON,307,M,warm-maz
2017,JAN,306,M,warm-maz
2017,FILIP,265,M,warm-maz
2017,MIKO£AJ,256,M,warm-maz
2017,FRANCISZEK,252,M,warm-maz
2017,MICHA£,227,M,warm-maz
2017,WOJCIECH,225,M,warm-maz
2017,MARCEL,195,M,warm-maz
2017,ZUZANNA,376,K,warm-maz
2017,MAJA,355,K,warm-maz
2017,LENA,353,K,warm-maz
2017,JULIA,342,K,warm-maz
2017,HANNA,339,K,warm-maz
2017,ZOFIA,324,K,warm-maz
2017,AMELIA,255,K,warm-maz
2017,MARIA,234,K,warm-maz
2017,OLIWIA,211,K,warm-maz
2017,ALEKSANDRA,210,K,warm-maz
2017,JAN,957,M,wielk
2017,ANTONI,952,M,wielk
2017,WOJCIECH,834,M,wielk
2017,FRANCISZEK,831,M,wielk
2017,JAKUB,789,M,wielk
2017,SZYMON,695,M,wielk
2017,ALEKSANDER,681,M,wielk
2017,FILIP,675,M,wielk
2017,MIKO£AJ,630,M,wielk
2017,STANIS£AW,628,M,wielk
2017,ADAM,571,M,wielk
2017,ZOFIA,992,K,wielk
2017,JULIA,926,K,wielk
2017,LENA,861,K,wielk
2017,ZUZANNA,848,K,wielk
2017,MAJA,769,K,wielk
2017,HANNA,754,K,wielk
2017,MARIA,674,K,wielk
2017,AMELIA,622,K,wielk
2017,OLIWIA,530,K,wielk
2017,GABRIELA,509,K,wielk
2017,ANTONI,450,M,zach
2017,JAN,350,M,zach
2017,SZYMON,334,M,zach
2017,JAKUB,316,M,zach
2017,ALEKSANDER,301,M,zach
2017,FILIP,287,M,zach
2017,FRANCISZEK,281,M,zach
2017,MIKO£AJ,275,M,zach
2017,KACPER,241,M,zach
2017,WOJCIECH,232,M,zach
2017,MICHA£,232,M,zach
2017,HANNA,481,K,zach
2017,JULIA,410,K,zach
2017,ZOFIA,386,K,zach
2017,ZUZANNA,371,K,zach
2017,MAJA,365,K,zach
2017,LENA,357,K,zach
2017,AMELIA,268,K,zach
2017,ALICJA,241,K,zach
2017,ALEKSANDRA,222,K,zach
2017,MARIA,204,K,zach
